{
    "$schema": "http://schema.management.azure.com/schemas/2015-01-01/deploymentTemplate.json#",
    "contentVersion": "1.0.0.0",
    "parameters": {
        "factoryName": {
            "type": "string",
            "metadata": "Data Factory name",
            "defaultValue": "Diggibyte"
        },
        "AzureDataLakeStorage_gen2_accountKey": {
            "type": "secureString",
            "metadata": "Secure string for 'accountKey' of 'AzureDataLakeStorage_gen2'"
        },
        "AzureDataLakeStorage_new_accountKey": {
            "type": "secureString",
            "metadata": "Secure string for 'accountKey' of 'AzureDataLakeStorage_new'"
        },
        "AzureDataLakeStorage_gen2_properties_typeProperties_url": {
            "type": "string",
            "defaultValue": "https://sourceadlsgen2.dfs.core.windows.net/"
        },
        "AzureDataLakeStorage_new_properties_typeProperties_url": {
            "type": "string",
            "defaultValue": "https://sourceadlsgen2new.dfs.core.windows.net/"
        }
    },
    "variables": {
        "factoryId": "[concat('Microsoft.DataFactory/factories/', parameters('factoryName'))]"
    },
    "resources": [
        {
            "name": "[concat(parameters('factoryName'), '/AzureDataLakeStorage_gen2')]",
            "type": "Microsoft.DataFactory/factories/linkedServices",
            "apiVersion": "2018-06-01",
            "properties": {
                "annotations": [],
                "type": "AzureBlobFS",
                "typeProperties": {
                    "url": "[parameters('AzureDataLakeStorage_gen2_properties_typeProperties_url')]",
                    "accountKey": {
                        "type": "SecureString",
                        "value": "[parameters('AzureDataLakeStorage_gen2_accountKey')]"
                    }
                }
            },
            "dependsOn": []
        },
        {
            "name": "[concat(parameters('factoryName'), '/AzureDataLakeStorage_new')]",
            "type": "Microsoft.DataFactory/factories/linkedServices",
            "apiVersion": "2018-06-01",
            "properties": {
                "annotations": [],
                "type": "AzureBlobFS",
                "typeProperties": {
                    "url": "[parameters('AzureDataLakeStorage_new_properties_typeProperties_url')]",
                    "accountKey": {
                        "type": "SecureString",
                        "value": "[parameters('AzureDataLakeStorage_new_accountKey')]"
                    }
                }
            },
            "dependsOn": []
        },
        {
            "name": "[concat(parameters('factoryName'), '/gen2_Json')]",
            "type": "Microsoft.DataFactory/factories/datasets",
            "apiVersion": "2018-06-01",
            "properties": {
                "linkedServiceName": {
                    "referenceName": "AzureDataLakeStorage_gen2",
                    "type": "LinkedServiceReference"
                },
                "annotations": [],
                "type": "Json",
                "typeProperties": {
                    "location": {
                        "type": "AzureBlobFSLocation",
                        "fileName": "Json.json",
                        "folderPath": "json",
                        "fileSystem": "raw"
                    }
                },
                "schema": {
                    "type": "object",
                    "properties": {
                        "name": {
                            "type": "string"
                        },
                        "age": {
                            "type": "integer"
                        },
                        "city": {
                            "type": "string"
                        }
                    }
                }
            },
            "dependsOn": [
                "[concat(variables('factoryId'), '/linkedServices/AzureDataLakeStorage_gen2')]"
            ]
        },
        {
            "name": "[concat(parameters('factoryName'), '/dgen_Json')]",
            "type": "Microsoft.DataFactory/factories/datasets",
            "apiVersion": "2018-06-01",
            "properties": {
                "linkedServiceName": {
                    "referenceName": "AzureDataLakeStorage_gen2",
                    "type": "LinkedServiceReference"
                },
                "annotations": [],
                "type": "Json",
                "typeProperties": {
                    "location": {
                        "type": "AzureBlobFSLocation",
                        "folderPath": "json",
                        "fileSystem": "raw"
                    }
                },
                "schema": {}
            },
            "dependsOn": [
                "[concat(variables('factoryId'), '/linkedServices/AzureDataLakeStorage_gen2')]"
            ]
        },
        {
            "name": "[concat(parameters('factoryName'), '/gen2_csv')]",
            "type": "Microsoft.DataFactory/factories/datasets",
            "apiVersion": "2018-06-01",
            "properties": {
                "linkedServiceName": {
                    "referenceName": "AzureDataLakeStorage_gen2",
                    "type": "LinkedServiceReference"
                },
                "parameters": {
                    "filename": {
                        "type": "string"
                    }
                },
                "annotations": [],
                "type": "DelimitedText",
                "typeProperties": {
                    "location": {
                        "type": "AzureBlobFSLocation",
                        "fileName": {
                            "value": "@dataset().filename",
                            "type": "Expression"
                        },
                        "folderPath": "CSV",
                        "fileSystem": "raw"
                    },
                    "columnDelimiter": ",",
                    "escapeChar": "\\",
                    "firstRowAsHeader": true,
                    "quoteChar": "\""
                },
                "schema": []
            },
            "dependsOn": [
                "[concat(variables('factoryId'), '/linkedServices/AzureDataLakeStorage_gen2')]"
            ]
        },
        {
            "name": "[concat(parameters('factoryName'), '/sgen2_csv')]",
            "type": "Microsoft.DataFactory/factories/datasets",
            "apiVersion": "2018-06-01",
            "properties": {
                "linkedServiceName": {
                    "referenceName": "AzureDataLakeStorage_gen2",
                    "type": "LinkedServiceReference"
                },
                "annotations": [],
                "type": "DelimitedText",
                "typeProperties": {
                    "location": {
                        "type": "AzureBlobFSLocation",
                        "fileName": "Json.txt",
                        "folderPath": "CSV",
                        "fileSystem": "raw"
                    },
                    "columnDelimiter": ",",
                    "escapeChar": "\\",
                    "firstRowAsHeader": true,
                    "quoteChar": "\""
                },
                "schema": []
            },
            "dependsOn": [
                "[concat(variables('factoryId'), '/linkedServices/AzureDataLakeStorage_gen2')]"
            ]
        },
        {
            "name": "[concat(parameters('factoryName'), '/gen2d_Parquet')]",
            "type": "Microsoft.DataFactory/factories/datasets",
            "apiVersion": "2018-06-01",
            "properties": {
                "linkedServiceName": {
                    "referenceName": "AzureDataLakeStorage_gen2",
                    "type": "LinkedServiceReference"
                },
                "annotations": [],
                "type": "Parquet",
                "typeProperties": {
                    "location": {
                        "type": "AzureBlobFSLocation",
                        "folderPath": "parquet",
                        "fileSystem": "raw"
                    },
                    "compressionCodec": "snappy"
                },
                "schema": []
            },
            "dependsOn": [
                "[concat(variables('factoryId'), '/linkedServices/AzureDataLakeStorage_gen2')]"
            ]
        },
        {
            "name": "[concat(parameters('factoryName'), '/gen2s_Parquet')]",
            "type": "Microsoft.DataFactory/factories/datasets",
            "apiVersion": "2018-06-01",
            "properties": {
                "linkedServiceName": {
                    "referenceName": "AzureDataLakeStorage_gen2",
                    "type": "LinkedServiceReference"
                },
                "annotations": [],
                "type": "Parquet",
                "typeProperties": {
                    "location": {
                        "type": "AzureBlobFSLocation",
                        "fileName": "Json.parquet",
                        "folderPath": "parquet",
                        "fileSystem": "raw"
                    },
                    "compressionCodec": "snappy"
                },
                "schema": []
            },
            "dependsOn": [
                "[concat(variables('factoryId'), '/linkedServices/AzureDataLakeStorage_gen2')]"
            ]
        },
        {
            "name": "[concat(parameters('factoryName'), '/gen2_DelimitedTextS')]",
            "type": "Microsoft.DataFactory/factories/datasets",
            "apiVersion": "2018-06-01",
            "properties": {
                "linkedServiceName": {
                    "referenceName": "AzureDataLakeStorage_gen2",
                    "type": "LinkedServiceReference"
                },
                "annotations": [],
                "type": "DelimitedText",
                "typeProperties": {
                    "location": {
                        "type": "AzureBlobFSLocation",
                        "folderPath": "CSV",
                        "fileSystem": "raw"
                    },
                    "columnDelimiter": ",",
                    "escapeChar": "\\",
                    "firstRowAsHeader": true,
                    "quoteChar": "\""
                },
                "schema": []
            },
            "dependsOn": [
                "[concat(variables('factoryId'), '/linkedServices/AzureDataLakeStorage_gen2')]"
            ]
        },
        {
            "name": "[concat(parameters('factoryName'), '/gen2_Parquet_output')]",
            "type": "Microsoft.DataFactory/factories/datasets",
            "apiVersion": "2018-06-01",
            "properties": {
                "linkedServiceName": {
                    "referenceName": "AzureDataLakeStorage_gen2",
                    "type": "LinkedServiceReference"
                },
                "annotations": [],
                "type": "Parquet",
                "typeProperties": {
                    "location": {
                        "type": "AzureBlobFSLocation",
                        "folderPath": "output",
                        "fileSystem": "raw"
                    },
                    "compressionCodec": "snappy"
                },
                "schema": []
            },
            "dependsOn": [
                "[concat(variables('factoryId'), '/linkedServices/AzureDataLakeStorage_gen2')]"
            ]
        },
        {
            "name": "[concat(parameters('factoryName'), '/gen2_Parquet_s5')]",
            "type": "Microsoft.DataFactory/factories/datasets",
            "apiVersion": "2018-06-01",
            "properties": {
                "linkedServiceName": {
                    "referenceName": "AzureDataLakeStorage_gen2",
                    "type": "LinkedServiceReference"
                },
                "parameters": {
                    "filename": {
                        "type": "string"
                    }
                },
                "annotations": [],
                "type": "Parquet",
                "typeProperties": {
                    "location": {
                        "type": "AzureBlobFSLocation",
                        "fileName": {
                            "value": "@dataset().filename",
                            "type": "Expression"
                        },
                        "folderPath": "output",
                        "fileSystem": "raw"
                    },
                    "compressionCodec": "snappy"
                },
                "schema": [
                    {
                        "name": "name",
                        "type": "UTF8"
                    },
                    {
                        "name": "age",
                        "type": "UTF8"
                    },
                    {
                        "name": "city",
                        "type": "UTF8"
                    }
                ]
            },
            "dependsOn": [
                "[concat(variables('factoryId'), '/linkedServices/AzureDataLakeStorage_gen2')]"
            ]
        },
        {
            "name": "[concat(parameters('factoryName'), '/DelimitedText1_scenario7')]",
            "type": "Microsoft.DataFactory/factories/datasets",
            "apiVersion": "2018-06-01",
            "properties": {
                "linkedServiceName": {
                    "referenceName": "AzureDataLakeStorage_gen2",
                    "type": "LinkedServiceReference"
                },
                "parameters": {
                    "filename": {
                        "type": "string"
                    }
                },
                "annotations": [],
                "type": "DelimitedText",
                "typeProperties": {
                    "location": {
                        "type": "AzureBlobFSLocation",
                        "fileName": {
                            "value": "@dataset().filename",
                            "type": "Expression"
                        },
                        "folderPath": "output",
                        "fileSystem": "raw"
                    },
                    "columnDelimiter": ",",
                    "escapeChar": "\\",
                    "firstRowAsHeader": true,
                    "quoteChar": "\""
                },
                "schema": []
            },
            "dependsOn": [
                "[concat(variables('factoryId'), '/linkedServices/AzureDataLakeStorage_gen2')]"
            ]
        },
        {
            "name": "[concat(parameters('factoryName'), '/Excel_copy')]",
            "type": "Microsoft.DataFactory/factories/datasets",
            "apiVersion": "2018-06-01",
            "properties": {
                "linkedServiceName": {
                    "referenceName": "AzureDataLakeStorage_gen2",
                    "type": "LinkedServiceReference"
                },
                "annotations": [],
                "type": "Excel",
                "typeProperties": {
                    "sheetName": "Sheet1",
                    "location": {
                        "type": "AzureBlobFSLocation",
                        "fileName": "file_example_XLS_50.xls",
                        "folderPath": "xlsx",
                        "fileSystem": "raw"
                    },
                    "firstRowAsHeader": true
                },
                "schema": []
            },
            "dependsOn": [
                "[concat(variables('factoryId'), '/linkedServices/AzureDataLakeStorage_gen2')]"
            ]
        },
        {
            "name": "[concat(parameters('factoryName'), '/multiple_sheets')]",
            "type": "Microsoft.DataFactory/factories/datasets",
            "apiVersion": "2018-06-01",
            "properties": {
                "linkedServiceName": {
                    "referenceName": "AzureDataLakeStorage_gen2",
                    "type": "LinkedServiceReference"
                },
                "parameters": {
                    "sheetnumber": {
                        "type": "int"
                    }
                },
                "annotations": [],
                "type": "Excel",
                "typeProperties": {
                    "location": {
                        "type": "AzureBlobFSLocation",
                        "fileName": "file_example_XLSX_100.xlsx",
                        "folderPath": "xlsx",
                        "fileSystem": "raw"
                    },
                    "sheetIndex": {
                        "value": "@dataset().sheetnumber",
                        "type": "Expression"
                    }
                },
                "schema": []
            },
            "dependsOn": [
                "[concat(variables('factoryId'), '/linkedServices/AzureDataLakeStorage_gen2')]"
            ]
        },
        {
            "name": "[concat(parameters('factoryName'), '/incoming_dataset_csv')]",
            "type": "Microsoft.DataFactory/factories/datasets",
            "apiVersion": "2018-06-01",
            "properties": {
                "linkedServiceName": {
                    "referenceName": "AzureDataLakeStorage_new",
                    "type": "LinkedServiceReference"
                },
                "annotations": [],
                "type": "DelimitedText",
                "typeProperties": {
                    "location": {
                        "type": "AzureBlobFSLocation",
                        "folderPath": "Raw",
                        "fileSystem": "source"
                    },
                    "columnDelimiter": ",",
                    "escapeChar": "\\",
                    "firstRowAsHeader": true,
                    "quoteChar": "\""
                },
                "schema": []
            },
            "dependsOn": [
                "[concat(variables('factoryId'), '/linkedServices/AzureDataLakeStorage_new')]"
            ]
        },
        {
            "name": "[concat(parameters('factoryName'), '/Parquet_destination')]",
            "type": "Microsoft.DataFactory/factories/datasets",
            "apiVersion": "2018-06-01",
            "properties": {
                "linkedServiceName": {
                    "referenceName": "AzureDataLakeStorage_gen2",
                    "type": "LinkedServiceReference"
                },
                "parameters": {
                    "filename": {
                        "type": "string"
                    }
                },
                "annotations": [],
                "type": "Parquet",
                "typeProperties": {
                    "location": {
                        "type": "AzureBlobFSLocation",
                        "fileName": {
                            "value": "@dataset().filename",
                            "type": "Expression"
                        },
                        "folderPath": {
                            "value": "output\n",
                            "type": "Expression"
                        },
                        "fileSystem": "raw"
                    },
                    "compressionCodec": "snappy"
                },
                "schema": []
            },
            "dependsOn": [
                "[concat(variables('factoryId'), '/linkedServices/AzureDataLakeStorage_gen2')]"
            ]
        },
        {
            "name": "[concat(parameters('factoryName'), '/DelimitedText_parametrized')]",
            "type": "Microsoft.DataFactory/factories/datasets",
            "apiVersion": "2018-06-01",
            "properties": {
                "linkedServiceName": {
                    "referenceName": "AzureDataLakeStorage_new",
                    "type": "LinkedServiceReference"
                },
                "parameters": {
                    "filename": {
                        "type": "string"
                    }
                },
                "annotations": [],
                "type": "DelimitedText",
                "typeProperties": {
                    "location": {
                        "type": "AzureBlobFSLocation",
                        "fileName": {
                            "value": "@dataset().filename",
                            "type": "Expression"
                        },
                        "folderPath": "Raw",
                        "fileSystem": "source"
                    },
                    "columnDelimiter": ",",
                    "escapeChar": "\\",
                    "firstRowAsHeader": true,
                    "quoteChar": "\""
                },
                "schema": []
            },
            "dependsOn": [
                "[concat(variables('factoryId'), '/linkedServices/AzureDataLakeStorage_new')]"
            ]
        },
        {
            "name": "[concat(parameters('factoryName'), '/gen2_Parquet_output_copy1')]",
            "type": "Microsoft.DataFactory/factories/datasets",
            "apiVersion": "2018-06-01",
            "properties": {
                "linkedServiceName": {
                    "referenceName": "AzureDataLakeStorage_gen2",
                    "type": "LinkedServiceReference"
                },
                "parameters": {
                    "filename": {
                        "type": "string"
                    }
                },
                "annotations": [],
                "type": "Parquet",
                "typeProperties": {
                    "location": {
                        "type": "AzureBlobFSLocation",
                        "fileName": {
                            "value": "@dataset().filename",
                            "type": "Expression"
                        },
                        "folderPath": {
                            "value": "@concat('week', if(less(div(add(dayOfYear(utcNow()), 6), 7), 10), '0', ''), string(div(add(dayOfYear(utcNow()), 6), 7)))",
                            "type": "Expression"
                        },
                        "fileSystem": "raw"
                    },
                    "compressionCodec": "snappy"
                },
                "schema": []
            },
            "dependsOn": [
                "[concat(variables('factoryId'), '/linkedServices/AzureDataLakeStorage_gen2')]"
            ]
        },
        {
            "name": "[concat(parameters('factoryName'), '/Scenario_1')]",
            "type": "Microsoft.DataFactory/factories/pipelines",
            "apiVersion": "2018-06-01",
            "properties": {
                "activities": [
                    {
                        "name": "Copy_data_tosame_location",
                        "type": "Copy",
                        "dependsOn": [],
                        "policy": {
                            "timeout": "0.12:00:00",
                            "retry": 0,
                            "retryIntervalInSeconds": 30,
                            "secureOutput": false,
                            "secureInput": false
                        },
                        "userProperties": [],
                        "typeProperties": {
                            "source": {
                                "type": "JsonSource",
                                "storeSettings": {
                                    "type": "AzureBlobFSReadSettings",
                                    "recursive": true,
                                    "enablePartitionDiscovery": false
                                },
                                "formatSettings": {
                                    "type": "JsonReadSettings"
                                }
                            },
                            "sink": {
                                "type": "JsonSink",
                                "storeSettings": {
                                    "type": "AzureBlobFSWriteSettings"
                                },
                                "formatSettings": {
                                    "type": "JsonWriteSettings"
                                }
                            },
                            "enableStaging": false
                        },
                        "inputs": [
                            {
                                "referenceName": "gen2_Json",
                                "type": "DatasetReference",
                                "parameters": {}
                            }
                        ],
                        "outputs": [
                            {
                                "referenceName": "dgen_Json",
                                "type": "DatasetReference",
                                "parameters": {}
                            }
                        ]
                    }
                ],
                "policy": {
                    "elapsedTimeMetric": {}
                },
                "annotations": [],
                "lastPublishTime": "2024-10-30T08:15:40Z"
            },
            "dependsOn": [
                "[concat(variables('factoryId'), '/datasets/gen2_Json')]",
                "[concat(variables('factoryId'), '/datasets/dgen_Json')]"
            ]
        },
        {
            "name": "[concat(parameters('factoryName'), '/Scenario2_csvtojson')]",
            "type": "Microsoft.DataFactory/factories/pipelines",
            "apiVersion": "2018-06-01",
            "properties": {
                "activities": [
                    {
                        "name": "Copy data1",
                        "type": "Copy",
                        "dependsOn": [],
                        "policy": {
                            "timeout": "0.12:00:00",
                            "retry": 0,
                            "retryIntervalInSeconds": 30,
                            "secureOutput": false,
                            "secureInput": false
                        },
                        "userProperties": [],
                        "typeProperties": {
                            "source": {
                                "type": "DelimitedTextSource",
                                "storeSettings": {
                                    "type": "AzureBlobFSReadSettings",
                                    "recursive": true,
                                    "enablePartitionDiscovery": false
                                },
                                "formatSettings": {
                                    "type": "DelimitedTextReadSettings"
                                }
                            },
                            "sink": {
                                "type": "JsonSink",
                                "storeSettings": {
                                    "type": "AzureBlobFSWriteSettings"
                                },
                                "formatSettings": {
                                    "type": "JsonWriteSettings"
                                }
                            },
                            "enableStaging": false
                        },
                        "inputs": [
                            {
                                "referenceName": "sgen2_csv",
                                "type": "DatasetReference",
                                "parameters": {}
                            }
                        ],
                        "outputs": [
                            {
                                "referenceName": "dgen_Json",
                                "type": "DatasetReference",
                                "parameters": {}
                            }
                        ]
                    }
                ],
                "policy": {
                    "elapsedTimeMetric": {}
                },
                "annotations": [],
                "lastPublishTime": "2024-10-30T08:25:21Z"
            },
            "dependsOn": [
                "[concat(variables('factoryId'), '/datasets/sgen2_csv')]",
                "[concat(variables('factoryId'), '/datasets/dgen_Json')]"
            ]
        }
    ]
}