{
    "$schema": "http://schema.management.azure.com/schemas/2015-01-01/deploymentTemplate.json#",
    "contentVersion": "1.0.0.0",
    "parameters": {
        "factoryName": {
            "type": "string",
            "metadata": "Data Factory name",
            "defaultValue": "Diggibyte"
        },
        "AzureDataLakeStorage_gen2_accountKey": {
            "type": "secureString",
            "metadata": "Secure string for 'accountKey' of 'AzureDataLakeStorage_gen2'"
        },
        "AzureDataLakeStorage_gen2_properties_typeProperties_url": {
            "type": "string",
            "defaultValue": "https://sourceadlsgen2.dfs.core.windows.net/"
        }
    },
    "variables": {
        "factoryId": "[concat('Microsoft.DataFactory/factories/', parameters('factoryName'))]"
    },
    "resources": [
        {
            "name": "[concat(parameters('factoryName'), '/AzureDataLakeStorage_gen2')]",
            "type": "Microsoft.DataFactory/factories/linkedServices",
            "apiVersion": "2018-06-01",
            "properties": {
                "annotations": [],
                "type": "AzureBlobFS",
                "typeProperties": {
                    "url": "[parameters('AzureDataLakeStorage_gen2_properties_typeProperties_url')]",
                    "accountKey": {
                        "type": "SecureString",
                        "value": "[parameters('AzureDataLakeStorage_gen2_accountKey')]"
                    }
                }
            },
            "dependsOn": []
        },
        {
            "name": "[concat(parameters('factoryName'), '/gen2_Json')]",
            "type": "Microsoft.DataFactory/factories/datasets",
            "apiVersion": "2018-06-01",
            "properties": {
                "linkedServiceName": {
                    "referenceName": "AzureDataLakeStorage_gen2",
                    "type": "LinkedServiceReference"
                },
                "annotations": [],
                "type": "Json",
                "typeProperties": {
                    "location": {
                        "type": "AzureBlobFSLocation",
                        "fileName": "Json.json",
                        "folderPath": "json",
                        "fileSystem": "raw"
                    }
                },
                "schema": {
                    "type": "object",
                    "properties": {
                        "name": {
                            "type": "string"
                        },
                        "age": {
                            "type": "integer"
                        },
                        "city": {
                            "type": "string"
                        }
                    }
                }
            },
            "dependsOn": [
                "[concat(variables('factoryId'), '/linkedServices/AzureDataLakeStorage_gen2')]"
            ]
        },
        {
            "name": "[concat(parameters('factoryName'), '/dgen_Json')]",
            "type": "Microsoft.DataFactory/factories/datasets",
            "apiVersion": "2018-06-01",
            "properties": {
                "linkedServiceName": {
                    "referenceName": "AzureDataLakeStorage_gen2",
                    "type": "LinkedServiceReference"
                },
                "annotations": [],
                "type": "Json",
                "typeProperties": {
                    "location": {
                        "type": "AzureBlobFSLocation",
                        "folderPath": "json",
                        "fileSystem": "raw"
                    }
                },
                "schema": {}
            },
            "dependsOn": [
                "[concat(variables('factoryId'), '/linkedServices/AzureDataLakeStorage_gen2')]"
            ]
        },
        {
            "name": "[concat(parameters('factoryName'), '/gen2_csv')]",
            "type": "Microsoft.DataFactory/factories/datasets",
            "apiVersion": "2018-06-01",
            "properties": {
                "linkedServiceName": {
                    "referenceName": "AzureDataLakeStorage_gen2",
                    "type": "LinkedServiceReference"
                },
                "parameters": {
                    "filename": {
                        "type": "string"
                    }
                },
                "annotations": [],
                "type": "DelimitedText",
                "typeProperties": {
                    "location": {
                        "type": "AzureBlobFSLocation",
                        "fileName": {
                            "value": "@dataset().filename",
                            "type": "Expression"
                        },
                        "folderPath": "CSV",
                        "fileSystem": "raw"
                    },
                    "columnDelimiter": ",",
                    "escapeChar": "\\",
                    "firstRowAsHeader": true,
                    "quoteChar": "\""
                },
                "schema": []
            },
            "dependsOn": [
                "[concat(variables('factoryId'), '/linkedServices/AzureDataLakeStorage_gen2')]"
            ]
        },
        {
            "name": "[concat(parameters('factoryName'), '/sgen2_csv')]",
            "type": "Microsoft.DataFactory/factories/datasets",
            "apiVersion": "2018-06-01",
            "properties": {
                "linkedServiceName": {
                    "referenceName": "AzureDataLakeStorage_gen2",
                    "type": "LinkedServiceReference"
                },
                "annotations": [],
                "type": "DelimitedText",
                "typeProperties": {
                    "location": {
                        "type": "AzureBlobFSLocation",
                        "fileName": "Json.txt",
                        "folderPath": "CSV",
                        "fileSystem": "raw"
                    },
                    "columnDelimiter": ",",
                    "escapeChar": "\\",
                    "firstRowAsHeader": true,
                    "quoteChar": "\""
                },
                "schema": []
            },
            "dependsOn": [
                "[concat(variables('factoryId'), '/linkedServices/AzureDataLakeStorage_gen2')]"
            ]
        },
        {
            "name": "[concat(parameters('factoryName'), '/gen2d_Parquet')]",
            "type": "Microsoft.DataFactory/factories/datasets",
            "apiVersion": "2018-06-01",
            "properties": {
                "linkedServiceName": {
                    "referenceName": "AzureDataLakeStorage_gen2",
                    "type": "LinkedServiceReference"
                },
                "annotations": [],
                "type": "Parquet",
                "typeProperties": {
                    "location": {
                        "type": "AzureBlobFSLocation",
                        "folderPath": "parquet",
                        "fileSystem": "raw"
                    },
                    "compressionCodec": "snappy"
                },
                "schema": []
            },
            "dependsOn": [
                "[concat(variables('factoryId'), '/linkedServices/AzureDataLakeStorage_gen2')]"
            ]
        },
        {
            "name": "[concat(parameters('factoryName'), '/gen2s_Parquet')]",
            "type": "Microsoft.DataFactory/factories/datasets",
            "apiVersion": "2018-06-01",
            "properties": {
                "linkedServiceName": {
                    "referenceName": "AzureDataLakeStorage_gen2",
                    "type": "LinkedServiceReference"
                },
                "annotations": [],
                "type": "Parquet",
                "typeProperties": {
                    "location": {
                        "type": "AzureBlobFSLocation",
                        "fileName": "Json.parquet",
                        "folderPath": "parquet",
                        "fileSystem": "raw"
                    },
                    "compressionCodec": "snappy"
                },
                "schema": []
            },
            "dependsOn": [
                "[concat(variables('factoryId'), '/linkedServices/AzureDataLakeStorage_gen2')]"
            ]
        },
        {
            "name": "[concat(parameters('factoryName'), '/gen2_DelimitedTextS')]",
            "type": "Microsoft.DataFactory/factories/datasets",
            "apiVersion": "2018-06-01",
            "properties": {
                "linkedServiceName": {
                    "referenceName": "AzureDataLakeStorage_gen2",
                    "type": "LinkedServiceReference"
                },
                "annotations": [],
                "type": "DelimitedText",
                "typeProperties": {
                    "location": {
                        "type": "AzureBlobFSLocation",
                        "folderPath": "CSV",
                        "fileSystem": "raw"
                    },
                    "columnDelimiter": ",",
                    "escapeChar": "\\",
                    "firstRowAsHeader": true,
                    "quoteChar": "\""
                },
                "schema": []
            },
            "dependsOn": [
                "[concat(variables('factoryId'), '/linkedServices/AzureDataLakeStorage_gen2')]"
            ]
        },
        {
            "name": "[concat(parameters('factoryName'), '/gen2_Parquet_output')]",
            "type": "Microsoft.DataFactory/factories/datasets",
            "apiVersion": "2018-06-01",
            "properties": {
                "linkedServiceName": {
                    "referenceName": "AzureDataLakeStorage_gen2",
                    "type": "LinkedServiceReference"
                },
                "annotations": [],
                "type": "Parquet",
                "typeProperties": {
                    "location": {
                        "type": "AzureBlobFSLocation",
                        "folderPath": "output",
                        "fileSystem": "raw"
                    },
                    "compressionCodec": "snappy"
                },
                "schema": []
            },
            "dependsOn": [
                "[concat(variables('factoryId'), '/linkedServices/AzureDataLakeStorage_gen2')]"
            ]
        },
        {
            "name": "[concat(parameters('factoryName'), '/gen2_Parquet_s5')]",
            "type": "Microsoft.DataFactory/factories/datasets",
            "apiVersion": "2018-06-01",
            "properties": {
                "linkedServiceName": {
                    "referenceName": "AzureDataLakeStorage_gen2",
                    "type": "LinkedServiceReference"
                },
                "parameters": {
                    "filename": {
                        "type": "string"
                    }
                },
                "annotations": [],
                "type": "Parquet",
                "typeProperties": {
                    "location": {
                        "type": "AzureBlobFSLocation",
                        "fileName": {
                            "value": "@dataset().filename",
                            "type": "Expression"
                        },
                        "folderPath": "output",
                        "fileSystem": "raw"
                    },
                    "compressionCodec": "snappy"
                },
                "schema": [
                    {
                        "name": "name",
                        "type": "UTF8"
                    },
                    {
                        "name": "age",
                        "type": "UTF8"
                    },
                    {
                        "name": "city",
                        "type": "UTF8"
                    }
                ]
            },
            "dependsOn": [
                "[concat(variables('factoryId'), '/linkedServices/AzureDataLakeStorage_gen2')]"
            ]
        },
        {
            "name": "[concat(parameters('factoryName'), '/DelimitedText1_scenario7')]",
            "type": "Microsoft.DataFactory/factories/datasets",
            "apiVersion": "2018-06-01",
            "properties": {
                "linkedServiceName": {
                    "referenceName": "AzureDataLakeStorage_gen2",
                    "type": "LinkedServiceReference"
                },
                "parameters": {
                    "filename": {
                        "type": "string"
                    }
                },
                "annotations": [],
                "type": "DelimitedText",
                "typeProperties": {
                    "location": {
                        "type": "AzureBlobFSLocation",
                        "fileName": {
                            "value": "@dataset().filename",
                            "type": "Expression"
                        },
                        "folderPath": "output",
                        "fileSystem": "raw"
                    },
                    "columnDelimiter": ",",
                    "escapeChar": "\\",
                    "firstRowAsHeader": true,
                    "quoteChar": "\""
                },
                "schema": []
            },
            "dependsOn": [
                "[concat(variables('factoryId'), '/linkedServices/AzureDataLakeStorage_gen2')]"
            ]
        },
        {
            "name": "[concat(parameters('factoryName'), '/Excel_copy')]",
            "type": "Microsoft.DataFactory/factories/datasets",
            "apiVersion": "2018-06-01",
            "properties": {
                "linkedServiceName": {
                    "referenceName": "AzureDataLakeStorage_gen2",
                    "type": "LinkedServiceReference"
                },
                "annotations": [],
                "type": "Excel",
                "typeProperties": {
                    "sheetName": "Sheet1",
                    "location": {
                        "type": "AzureBlobFSLocation",
                        "fileName": "file_example_XLS_50.xls",
                        "folderPath": "xlsx",
                        "fileSystem": "raw"
                    },
                    "firstRowAsHeader": true
                },
                "schema": []
            },
            "dependsOn": [
                "[concat(variables('factoryId'), '/linkedServices/AzureDataLakeStorage_gen2')]"
            ]
        },
        {
            "name": "[concat(parameters('factoryName'), '/multiple_sheets')]",
            "type": "Microsoft.DataFactory/factories/datasets",
            "apiVersion": "2018-06-01",
            "properties": {
                "linkedServiceName": {
                    "referenceName": "AzureDataLakeStorage_gen2",
                    "type": "LinkedServiceReference"
                },
                "parameters": {
                    "sheetnumber": {
                        "type": "int"
                    }
                },
                "annotations": [],
                "type": "Excel",
                "typeProperties": {
                    "location": {
                        "type": "AzureBlobFSLocation",
                        "fileName": "file_example_XLSX_100.xlsx",
                        "folderPath": "xlsx",
                        "fileSystem": "raw"
                    },
                    "sheetIndex": {
                        "value": "@dataset().sheetnumber",
                        "type": "Expression"
                    }
                },
                "schema": []
            },
            "dependsOn": [
                "[concat(variables('factoryId'), '/linkedServices/AzureDataLakeStorage_gen2')]"
            ]
        },
        {
            "name": "[concat(parameters('factoryName'), '/Scenario_1')]",
            "type": "Microsoft.DataFactory/factories/pipelines",
            "apiVersion": "2018-06-01",
            "properties": {
                "activities": [
                    {
                        "name": "Copy_data_tosame_location",
                        "type": "Copy",
                        "dependsOn": [],
                        "policy": {
                            "timeout": "0.12:00:00",
                            "retry": 0,
                            "retryIntervalInSeconds": 30,
                            "secureOutput": false,
                            "secureInput": false
                        },
                        "userProperties": [],
                        "typeProperties": {
                            "source": {
                                "type": "JsonSource",
                                "storeSettings": {
                                    "type": "AzureBlobFSReadSettings",
                                    "recursive": true,
                                    "enablePartitionDiscovery": false
                                },
                                "formatSettings": {
                                    "type": "JsonReadSettings"
                                }
                            },
                            "sink": {
                                "type": "JsonSink",
                                "storeSettings": {
                                    "type": "AzureBlobFSWriteSettings"
                                },
                                "formatSettings": {
                                    "type": "JsonWriteSettings"
                                }
                            },
                            "enableStaging": false
                        },
                        "inputs": [
                            {
                                "referenceName": "gen2_Json",
                                "type": "DatasetReference",
                                "parameters": {}
                            }
                        ],
                        "outputs": [
                            {
                                "referenceName": "dgen_Json",
                                "type": "DatasetReference",
                                "parameters": {}
                            }
                        ]
                    }
                ],
                "policy": {
                    "elapsedTimeMetric": {}
                },
                "annotations": [],
                "lastPublishTime": "2024-10-30T08:15:40Z"
            },
            "dependsOn": [
                "[concat(variables('factoryId'), '/datasets/gen2_Json')]",
                "[concat(variables('factoryId'), '/datasets/dgen_Json')]"
            ]
        },
        {
            "name": "[concat(parameters('factoryName'), '/Scenario2_csvtojson')]",
            "type": "Microsoft.DataFactory/factories/pipelines",
            "apiVersion": "2018-06-01",
            "properties": {
                "activities": [
                    {
                        "name": "Copy data1",
                        "type": "Copy",
                        "dependsOn": [],
                        "policy": {
                            "timeout": "0.12:00:00",
                            "retry": 0,
                            "retryIntervalInSeconds": 30,
                            "secureOutput": false,
                            "secureInput": false
                        },
                        "userProperties": [],
                        "typeProperties": {
                            "source": {
                                "type": "DelimitedTextSource",
                                "storeSettings": {
                                    "type": "AzureBlobFSReadSettings",
                                    "recursive": true,
                                    "enablePartitionDiscovery": false
                                },
                                "formatSettings": {
                                    "type": "DelimitedTextReadSettings"
                                }
                            },
                            "sink": {
                                "type": "JsonSink",
                                "storeSettings": {
                                    "type": "AzureBlobFSWriteSettings"
                                },
                                "formatSettings": {
                                    "type": "JsonWriteSettings"
                                }
                            },
                            "enableStaging": false
                        },
                        "inputs": [
                            {
                                "referenceName": "sgen2_csv",
                                "type": "DatasetReference",
                                "parameters": {}
                            }
                        ],
                        "outputs": [
                            {
                                "referenceName": "dgen_Json",
                                "type": "DatasetReference",
                                "parameters": {}
                            }
                        ]
                    }
                ],
                "policy": {
                    "elapsedTimeMetric": {}
                },
                "annotations": [],
                "lastPublishTime": "2024-10-30T08:25:21Z"
            },
            "dependsOn": [
                "[concat(variables('factoryId'), '/datasets/sgen2_csv')]",
                "[concat(variables('factoryId'), '/datasets/dgen_Json')]"
            ]
        },
        {
            "name": "[concat(parameters('factoryName'), '/Scenario2_jsontocsv')]",
            "type": "Microsoft.DataFactory/factories/pipelines",
            "apiVersion": "2018-06-01",
            "properties": {
                "activities": [
                    {
                        "name": "Copy data1",
                        "type": "Copy",
                        "dependsOn": [],
                        "policy": {
                            "timeout": "0.12:00:00",
                            "retry": 0,
                            "retryIntervalInSeconds": 30,
                            "secureOutput": false,
                            "secureInput": false
                        },
                        "userProperties": [],
                        "typeProperties": {
                            "source": {
                                "type": "JsonSource",
                                "storeSettings": {
                                    "type": "AzureBlobFSReadSettings",
                                    "recursive": true,
                                    "enablePartitionDiscovery": false
                                },
                                "formatSettings": {
                                    "type": "JsonReadSettings"
                                }
                            },
                            "sink": {
                                "type": "DelimitedTextSink",
                                "storeSettings": {
                                    "type": "AzureBlobFSWriteSettings"
                                },
                                "formatSettings": {
                                    "type": "DelimitedTextWriteSettings",
                                    "quoteAllText": true,
                                    "fileExtension": ".txt"
                                }
                            },
                            "enableStaging": false
                        },
                        "inputs": [
                            {
                                "referenceName": "gen2_Json",
                                "type": "DatasetReference",
                                "parameters": {}
                            }
                        ],
                        "outputs": [
                            {
                                "referenceName": "gen2_DelimitedTextS",
                                "type": "DatasetReference",
                                "parameters": {}
                            }
                        ]
                    }
                ],
                "policy": {
                    "elapsedTimeMetric": {}
                },
                "annotations": [],
                "lastPublishTime": "2024-10-30T10:12:24Z"
            },
            "dependsOn": [
                "[concat(variables('factoryId'), '/datasets/gen2_Json')]",
                "[concat(variables('factoryId'), '/datasets/gen2_DelimitedTextS')]"
            ]
        },
        {
            "name": "[concat(parameters('factoryName'), '/scenario2_csvtoparquet')]",
            "type": "Microsoft.DataFactory/factories/pipelines",
            "apiVersion": "2018-06-01",
            "properties": {
                "activities": [
                    {
                        "name": "Copydata_csvtoparquet",
                        "type": "Copy",
                        "dependsOn": [],
                        "policy": {
                            "timeout": "0.12:00:00",
                            "retry": 0,
                            "retryIntervalInSeconds": 30,
                            "secureOutput": false,
                            "secureInput": false
                        },
                        "userProperties": [],
                        "typeProperties": {
                            "source": {
                                "type": "DelimitedTextSource",
                                "storeSettings": {
                                    "type": "AzureBlobFSReadSettings",
                                    "recursive": true,
                                    "enablePartitionDiscovery": false
                                },
                                "formatSettings": {
                                    "type": "DelimitedTextReadSettings"
                                }
                            },
                            "sink": {
                                "type": "ParquetSink",
                                "storeSettings": {
                                    "type": "AzureBlobFSWriteSettings"
                                },
                                "formatSettings": {
                                    "type": "ParquetWriteSettings"
                                }
                            },
                            "enableStaging": false,
                            "translator": {
                                "type": "TabularTranslator",
                                "typeConversion": true,
                                "typeConversionSettings": {
                                    "allowDataTruncation": true,
                                    "treatBooleanAsNumber": false
                                }
                            }
                        },
                        "inputs": [
                            {
                                "referenceName": "sgen2_csv",
                                "type": "DatasetReference",
                                "parameters": {}
                            }
                        ],
                        "outputs": [
                            {
                                "referenceName": "gen2d_Parquet",
                                "type": "DatasetReference",
                                "parameters": {}
                            }
                        ]
                    }
                ],
                "policy": {
                    "elapsedTimeMetric": {}
                },
                "annotations": [],
                "lastPublishTime": "2024-10-30T08:36:00Z"
            },
            "dependsOn": [
                "[concat(variables('factoryId'), '/datasets/sgen2_csv')]",
                "[concat(variables('factoryId'), '/datasets/gen2d_Parquet')]"
            ]
        },
        {
            "name": "[concat(parameters('factoryName'), '/Scenario2_parquettocsv')]",
            "type": "Microsoft.DataFactory/factories/pipelines",
            "apiVersion": "2018-06-01",
            "properties": {
                "activities": [
                    {
                        "name": "Copydata_parquettocsv",
                        "type": "Copy",
                        "dependsOn": [],
                        "policy": {
                            "timeout": "0.12:00:00",
                            "retry": 0,
                            "retryIntervalInSeconds": 30,
                            "secureOutput": false,
                            "secureInput": false
                        },
                        "userProperties": [],
                        "typeProperties": {
                            "source": {
                                "type": "ParquetSource",
                                "storeSettings": {
                                    "type": "AzureBlobFSReadSettings",
                                    "recursive": true,
                                    "enablePartitionDiscovery": false
                                },
                                "formatSettings": {
                                    "type": "ParquetReadSettings"
                                }
                            },
                            "sink": {
                                "type": "JsonSink",
                                "storeSettings": {
                                    "type": "AzureBlobFSWriteSettings"
                                },
                                "formatSettings": {
                                    "type": "JsonWriteSettings"
                                }
                            },
                            "enableStaging": false
                        },
                        "inputs": [
                            {
                                "referenceName": "gen2s_Parquet",
                                "type": "DatasetReference",
                                "parameters": {}
                            }
                        ],
                        "outputs": [
                            {
                                "referenceName": "dgen_Json",
                                "type": "DatasetReference",
                                "parameters": {}
                            }
                        ]
                    }
                ],
                "policy": {
                    "elapsedTimeMetric": {}
                },
                "annotations": [],
                "lastPublishTime": "2024-10-30T08:36:00Z"
            },
            "dependsOn": [
                "[concat(variables('factoryId'), '/datasets/gen2s_Parquet')]",
                "[concat(variables('factoryId'), '/datasets/dgen_Json')]"
            ]
        },
        {
            "name": "[concat(parameters('factoryName'), '/Scenario_3')]",
            "type": "Microsoft.DataFactory/factories/pipelines",
            "apiVersion": "2018-06-01",
            "properties": {
                "activities": [
                    {
                        "name": "Get Metadata1",
                        "type": "GetMetadata",
                        "dependsOn": [],
                        "policy": {
                            "timeout": "0.12:00:00",
                            "retry": 0,
                            "retryIntervalInSeconds": 30,
                            "secureOutput": false,
                            "secureInput": false
                        },
                        "userProperties": [],
                        "typeProperties": {
                            "dataset": {
                                "referenceName": "gen2_DelimitedTextS",
                                "type": "DatasetReference",
                                "parameters": {}
                            },
                            "fieldList": [
                                "childItems",
                                "exists",
                                "itemName",
                                "itemType",
                                "lastModified"
                            ],
                            "storeSettings": {
                                "type": "AzureBlobFSReadSettings",
                                "recursive": true,
                                "enablePartitionDiscovery": false
                            },
                            "formatSettings": {
                                "type": "DelimitedTextReadSettings"
                            }
                        }
                    },
                    {
                        "name": "ForEach1",
                        "type": "ForEach",
                        "dependsOn": [
                            {
                                "activity": "Get Metadata1",
                                "dependencyConditions": [
                                    "Succeeded"
                                ]
                            }
                        ],
                        "userProperties": [],
                        "typeProperties": {
                            "items": {
                                "value": "@activity('Get Metadata1').output.childItems",
                                "type": "Expression"
                            },
                            "activities": [
                                {
                                    "name": "Copy data1",
                                    "type": "Copy",
                                    "dependsOn": [],
                                    "policy": {
                                        "timeout": "0.12:00:00",
                                        "retry": 0,
                                        "retryIntervalInSeconds": 30,
                                        "secureOutput": false,
                                        "secureInput": false
                                    },
                                    "userProperties": [],
                                    "typeProperties": {
                                        "source": {
                                            "type": "DelimitedTextSource",
                                            "storeSettings": {
                                                "type": "AzureBlobFSReadSettings",
                                                "recursive": true,
                                                "enablePartitionDiscovery": false
                                            },
                                            "formatSettings": {
                                                "type": "DelimitedTextReadSettings"
                                            }
                                        },
                                        "sink": {
                                            "type": "ParquetSink",
                                            "storeSettings": {
                                                "type": "AzureBlobFSWriteSettings"
                                            },
                                            "formatSettings": {
                                                "type": "ParquetWriteSettings"
                                            }
                                        },
                                        "enableStaging": false,
                                        "translator": {
                                            "type": "TabularTranslator",
                                            "typeConversion": true,
                                            "typeConversionSettings": {
                                                "allowDataTruncation": true,
                                                "treatBooleanAsNumber": false
                                            }
                                        }
                                    },
                                    "inputs": [
                                        {
                                            "referenceName": "gen2_csv",
                                            "type": "DatasetReference",
                                            "parameters": {
                                                "filename": {
                                                    "value": "@item().name",
                                                    "type": "Expression"
                                                }
                                            }
                                        }
                                    ],
                                    "outputs": [
                                        {
                                            "referenceName": "gen2_Parquet_output",
                                            "type": "DatasetReference",
                                            "parameters": {}
                                        }
                                    ]
                                }
                            ]
                        }
                    }
                ],
                "policy": {
                    "elapsedTimeMetric": {}
                },
                "annotations": [],
                "lastPublishTime": "2024-10-30T10:12:24Z"
            },
            "dependsOn": [
                "[concat(variables('factoryId'), '/datasets/gen2_DelimitedTextS')]",
                "[concat(variables('factoryId'), '/datasets/gen2_csv')]",
                "[concat(variables('factoryId'), '/datasets/gen2_Parquet_output')]"
            ]
        },
        {
            "name": "[concat(parameters('factoryName'), '/Scenario_4')]",
            "type": "Microsoft.DataFactory/factories/pipelines",
            "apiVersion": "2018-06-01",
            "properties": {
                "activities": [
                    {
                        "name": "Get Metadata1",
                        "type": "GetMetadata",
                        "dependsOn": [],
                        "policy": {
                            "timeout": "0.12:00:00",
                            "retry": 0,
                            "retryIntervalInSeconds": 30,
                            "secureOutput": false,
                            "secureInput": false
                        },
                        "userProperties": [],
                        "typeProperties": {
                            "dataset": {
                                "referenceName": "gen2_DelimitedTextS",
                                "type": "DatasetReference",
                                "parameters": {}
                            },
                            "fieldList": [
                                "childItems"
                            ],
                            "storeSettings": {
                                "type": "AzureBlobFSReadSettings",
                                "recursive": true,
                                "enablePartitionDiscovery": false
                            },
                            "formatSettings": {
                                "type": "DelimitedTextReadSettings"
                            }
                        }
                    },
                    {
                        "name": "ForEach1",
                        "type": "ForEach",
                        "dependsOn": [
                            {
                                "activity": "Get Metadata1",
                                "dependencyConditions": [
                                    "Succeeded"
                                ]
                            }
                        ],
                        "userProperties": [],
                        "typeProperties": {
                            "items": {
                                "value": "@activity('Get Metadata1').output.childItems",
                                "type": "Expression"
                            },
                            "activities": [
                                {
                                    "name": "Get Metadata2",
                                    "type": "GetMetadata",
                                    "dependsOn": [],
                                    "policy": {
                                        "timeout": "0.12:00:00",
                                        "retry": 0,
                                        "retryIntervalInSeconds": 30,
                                        "secureOutput": false,
                                        "secureInput": false
                                    },
                                    "userProperties": [],
                                    "typeProperties": {
                                        "dataset": {
                                            "referenceName": "gen2_csv",
                                            "type": "DatasetReference",
                                            "parameters": {
                                                "filename": {
                                                    "value": "@item().name",
                                                    "type": "Expression"
                                                }
                                            }
                                        },
                                        "fieldList": [
                                            "lastModified",
                                            "itemName"
                                        ],
                                        "storeSettings": {
                                            "type": "AzureBlobFSReadSettings",
                                            "recursive": true,
                                            "enablePartitionDiscovery": false
                                        },
                                        "formatSettings": {
                                            "type": "DelimitedTextReadSettings"
                                        }
                                    }
                                },
                                {
                                    "name": "If Condition1",
                                    "type": "IfCondition",
                                    "dependsOn": [
                                        {
                                            "activity": "Get Metadata2",
                                            "dependencyConditions": [
                                                "Succeeded"
                                            ]
                                        }
                                    ],
                                    "userProperties": [],
                                    "typeProperties": {
                                        "expression": {
                                            "value": "@greater(activity('Get Metadata2').output.lastModified, addMinutes(utcnow(), -10))\n",
                                            "type": "Expression"
                                        },
                                        "ifFalseActivities": [
                                            {
                                                "name": "Wait1",
                                                "type": "Wait",
                                                "dependsOn": [],
                                                "userProperties": [],
                                                "typeProperties": {
                                                    "waitTimeInSeconds": 5
                                                }
                                            }
                                        ],
                                        "ifTrueActivities": [
                                            {
                                                "name": "Copy data1",
                                                "type": "Copy",
                                                "dependsOn": [],
                                                "policy": {
                                                    "timeout": "0.12:00:00",
                                                    "retry": 0,
                                                    "retryIntervalInSeconds": 30,
                                                    "secureOutput": false,
                                                    "secureInput": false
                                                },
                                                "userProperties": [],
                                                "typeProperties": {
                                                    "source": {
                                                        "type": "DelimitedTextSource",
                                                        "storeSettings": {
                                                            "type": "AzureBlobFSReadSettings",
                                                            "recursive": true,
                                                            "enablePartitionDiscovery": false
                                                        },
                                                        "formatSettings": {
                                                            "type": "DelimitedTextReadSettings"
                                                        }
                                                    },
                                                    "sink": {
                                                        "type": "ParquetSink",
                                                        "storeSettings": {
                                                            "type": "AzureBlobFSWriteSettings"
                                                        },
                                                        "formatSettings": {
                                                            "type": "ParquetWriteSettings"
                                                        }
                                                    },
                                                    "enableStaging": false,
                                                    "translator": {
                                                        "type": "TabularTranslator",
                                                        "typeConversion": true,
                                                        "typeConversionSettings": {
                                                            "allowDataTruncation": true,
                                                            "treatBooleanAsNumber": false
                                                        }
                                                    }
                                                },
                                                "inputs": [
                                                    {
                                                        "referenceName": "gen2_csv",
                                                        "type": "DatasetReference",
                                                        "parameters": {
                                                            "filename": {
                                                                "value": "@activity('Get Metadata2').output.itemName",
                                                                "type": "Expression"
                                                            }
                                                        }
                                                    }
                                                ],
                                                "outputs": [
                                                    {
                                                        "referenceName": "gen2_Parquet_output",
                                                        "type": "DatasetReference",
                                                        "parameters": {}
                                                    }
                                                ]
                                            }
                                        ]
                                    }
                                }
                            ]
                        }
                    }
                ],
                "policy": {
                    "elapsedTimeMetric": {}
                },
                "annotations": [],
                "lastPublishTime": "2024-10-30T11:22:49Z"
            },
            "dependsOn": [
                "[concat(variables('factoryId'), '/datasets/gen2_DelimitedTextS')]",
                "[concat(variables('factoryId'), '/datasets/gen2_csv')]",
                "[concat(variables('factoryId'), '/datasets/gen2_Parquet_output')]"
            ]
        }
    ]
}