{
    "$schema": "http://schema.management.azure.com/schemas/2015-01-01/deploymentTemplate.json#",
    "contentVersion": "1.0.0.0",
    "parameters": {
        "factoryName": {
            "type": "string",
            "metadata": "Data Factory name",
            "defaultValue": "Diggibyte"
        },
        "AzureDataLakeStorage_gen2_accountKey": {
            "type": "secureString",
            "metadata": "Secure string for 'accountKey' of 'AzureDataLakeStorage_gen2'"
        },
        "AzureDataLakeStorage_new_accountKey": {
            "type": "secureString",
            "metadata": "Secure string for 'accountKey' of 'AzureDataLakeStorage_new'"
        },
        "AzureDataLakeStorage_gen2_properties_typeProperties_url": {
            "type": "string",
            "defaultValue": "https://sourceadlsgen2.dfs.core.windows.net/"
        },
        "AzureDataLakeStorage_new_properties_typeProperties_url": {
            "type": "string",
            "defaultValue": "https://sourceadlsgen2new.dfs.core.windows.net/"
        },
        "containerUri": {
            "type": "string",
            "metadata": "URI to storage account containing linked ARM templates"
        },
        "containerSasToken": {
            "type": "string",
            "metadata": "Sas token to storage account containing linked ARM templates"
        }
    },
    "variables": {
        "factoryId": "[concat('Microsoft.DataFactory/factories/', parameters('factoryName'))]"
    },
    "resources": [
        {
            "name": "Diggibyte_ArmTemplate_0",
            "type": "Microsoft.Resources/deployments",
            "apiVersion": "2024-03-01",
            "properties": {
                "mode": "incremental",
                "templateLink": {
                    "uri": "[concat(parameters('containerUri'), '/ArmTemplate_0.json', parameters('containerSasToken'))]",
                    "contentVersion": "1.0.0.0"
                },
                "parameters": {
                    "factoryName": {
                        "value": "[parameters('factoryName')]"
                    },
                    "AzureDataLakeStorage_gen2_accountKey": {
                        "value": "[parameters('AzureDataLakeStorage_gen2_accountKey')]"
                    },
                    "AzureDataLakeStorage_new_accountKey": {
                        "value": "[parameters('AzureDataLakeStorage_new_accountKey')]"
                    },
                    "AzureDataLakeStorage_gen2_properties_typeProperties_url": {
                        "value": "[parameters('AzureDataLakeStorage_gen2_properties_typeProperties_url')]"
                    },
                    "AzureDataLakeStorage_new_properties_typeProperties_url": {
                        "value": "[parameters('AzureDataLakeStorage_new_properties_typeProperties_url')]"
                    }
                }
            },
            "dependsOn": []
        },
        {
            "name": "Diggibyte_ArmTemplate_1",
            "type": "Microsoft.Resources/deployments",
            "apiVersion": "2024-03-01",
            "properties": {
                "mode": "incremental",
                "templateLink": {
                    "uri": "[concat(parameters('containerUri'), '/ArmTemplate_1.json', parameters('containerSasToken'))]",
                    "contentVersion": "1.0.0.0"
                },
                "parameters": {
                    "factoryName": {
                        "value": "[parameters('factoryName')]"
                    }
                }
            },
            "dependsOn": [
                "[resourceId('Microsoft.Resources/deployments', 'Diggibyte_ArmTemplate_0')]"
            ]
        }
    ]
}