{
    "$schema": "https://schema.management.azure.com/schemas/2015-01-01/deploymentParameters.json#",
    "contentVersion": "1.0.0.0",
    "parameters": {
        "factoryName": {
            "value": "Diggibyte"
        },
        "AzureDataLakeStorage_gen2_accountKey": {
            "value": ""
        },
        "AzureDataLakeStorage_gen2_properties_typeProperties_url": {
            "value": "https://sourceadlsgen2.dfs.core.windows.net/"
        },
        "containerUri": {
            "value": ""
        },
        "containerSasToken": {
            "value": ""
        }
    }
}